Row Labels,Average of Fare
1,84.1546875
2,20.66218315
3,13.70770739
Grand Total,32.30542018
